{
    "Logistic Regression": {
        "Accuracy": 0.907363089937667,
        "Precision": 0.7627601314348302,
        "Recall": 0.3424918032786885,
        "F1": 0.47272315872836296,
        "AUC": 0.8903449945610306
    },
    "Decision Tree": {
        "Accuracy": 0.8856419348683373,
        "Precision": 0.667181169207023,
        "Recall": 0.11337704918032787,
        "F1": 0.1938177843791161,
        "AUC": 0.7782732845591113
    }
}